id,title,description,year,genre_id
1,About.,Some meet teach tend. Go better billion such.,2010,2
2,Beyond relate.,Around clear course though. Issue your part poor music even. Budget land writer.,2022,1
3,Mean.,Drug partner last thought model. Between decade consider. Either civil team rich record.,2001,4
4,Sing budget.,Current see school. Father tax get. Ahead one mother section response.,2020,4
5,Population.,Future card bed father form shake police. Along add agent side politics reach.,2004,2
6,Check.,Way prevent production usually fast stock. Main fight continue.,2001,1
7,Thing.,Discuss first rule choose fact. There bank use fall that exactly money majority.,2010,1
8,State.,Bank long indicate property organization these tree.,2012,1
9,Writer.,Wait coach black inside beat second. Chair future radio history guess score.,2024,5
10,Range.,Between professional education particular. Student design reality operation.,2017,2
11,Down.,Letter while language statement analysis. Of wife standard go loss operation often teacher.,2003,1
12,Year.,Action beautiful sign structure always. Personal piece everyone loss. Better recent again your.,2007,1
13,Second.,But election why support gas keep health beyond.,2006,2
14,Clearly media.,Church PM reflect less. Finish past push organization.,2022,1
15,Save.,Must skin budget yard wide. During argue magazine least reveal. Music right hard industry.,2001,3
16,Good much.,"Without theory plant. System already value itself.
Work however commercial because.",2019,1
17,Clear assume.,Stand mouth method we model water. Ball increase skill. North interest herself especially.,2020,5
18,All billion.,Arrive floor much mother. Listen avoid story chair. Person attorney many agency.,2013,2
19,Girl.,Hot beyond girl lot get. Avoid second civil whatever give then.,2016,2
20,Involve.,Quickly firm them tax purpose plan. Blue question case behind marriage.,2023,3
21,Special.,Yet evening get free campaign relationship. Now few support still thought mention remember.,2014,5
22,Short threat.,Only military evening someone land appear. Movie cut major certainly program sister.,2000,1
23,Weight.,"Worry some sea recognize think.
Need open but per. Item bed western Mrs. Role when church.",2003,4
24,Same.,Crime fund game manage. Commercial explain member. Wonder also necessary likely PM four shake.,2004,1
25,Food.,Recent two Democrat although. Hour evening forget identify another go protect.,2019,5
26,Adult.,List gas nor environment drop couple manage. Finally over cell entire wide.,2002,5
27,Former traditional.,Base him health senior red collection let. Appear step director actually tend teach family.,2019,1
28,World bed.,"Sister pass threat place family.
Upon debate meeting. Remember lot best science arrive.",2018,1
29,Mr.,Account finally artist training data. Stand eat I arm. Produce age across financial.,2023,1
30,Two choice.,Management appear daughter bring seem ahead. Reach kid beyond culture example huge.,2004,3
31,Site serious.,North both something improve four vote. In simple television less strategy later.,2004,1
32,Remain.,Tax left avoid television. Push blood network factor professor baby factor.,2021,4
33,Year.,Next knowledge be resource. Compare result assume. Reason this me rest indeed note structure deep.,2023,3
34,Human energy.,Hear according always mouth more eat customer.,2006,3
35,Well agreement.,Director serve contain force few. This grow movie sort ok. Miss add outside onto car.,2009,3
36,Run.,Early at church. Open term author man difficult election.,2011,4
37,Foreign week.,"Book size toward. Race develop relate enjoy news staff.
Get PM front space.",2007,3
38,Wish.,Not child own. End more for. Few common ago.,2024,3
39,Tree.,Media color news anything. Small explain smile dog nature benefit they.,2009,4
40,Action.,Across instead picture both. Human lay can factor say. Network character assume parent upon.,2017,1
41,With him.,Rule good public. Tax produce account space practice.,2019,1
42,My.,Arrive right create campaign myself itself. Realize though research. Inside officer rather common.,2020,1
43,Design.,Pretty newspaper sit compare. Country under popular remain ten.,2003,5
44,Inside.,"Raise character simple. Project interest clearly then.
Learn knowledge trouble significant.",2022,1
45,Ground.,Small history its official almost. Campaign will meeting he voice like.,2024,4
46,Particular.,Then for return small blood. Risk data once. While however next production research.,2017,3
47,Tax form.,Traditional win identify floor such. Why word style her too push. Entire long situation matter.,2016,5
48,Military.,Now available black likely. Always hope news speak somebody them industry together.,2014,1
49,Bar.,Century use shoulder. Ok seat responsibility administration above work spring.,2004,3
50,Successful.,Strategy line challenge sometimes.,2008,2
51,Adult mind.,Grow science believe. Partner public possible son deep. Note worry the PM during continue black.,2022,1
52,Stop choose.,Program main quality among south those large. Recently matter eat them.,2009,5
53,Organization.,Me hope world car. Fly near hold garden cell measure. Ball thing paper. Girl field method.,2005,4
54,Enter many.,Sometimes tell newspaper green all. First themselves notice figure too billion.,2004,3
55,Line.,Across fall financial moment hair. Successful seven strong people through team.,2007,5
56,Blue player.,However option smile clear thus mission special. Ten idea few director color.,2015,1
57,Less range.,Song course nice. House read black player between article public.,2000,5
58,Perhaps.,Opportunity quite reason area blue.,2022,4
59,Paper final.,Region owner doctor require suddenly.,2020,1
60,Manager do.,Certain Mr purpose manage admit nice.,2014,1
61,Dark.,Road court current town almost. Home force will despite improve. Avoid sing about another.,2000,5
62,Eye.,Five born question report. Cause provide become believe push which.,2011,4
63,While vote.,Three dog gas article material land amount. Space officer compare home word piece.,2019,2
64,Will.,Example mean soldier front space add concern. South doctor together detail.,2011,4
65,Whole.,Indicate claim study. Gas hotel himself face take.,2001,2
66,Artist himself.,Bring data road skill. Effort chair however. Pretty concern reason forward boy soldier effort.,2014,4
67,Form thought.,Nor skin safe charge change clearly open. Because TV bed then analysis positive. See just boy.,2022,3
68,Success any.,Spend parent treatment.,2002,5
69,Important.,Little off window animal hundred. Even alone face while step.,2021,3
70,Rule.,Head sometimes ten recent admit option heart. Or if project authority their leave him growth.,2011,1
71,Several keep.,Beat husband mouth. International toward behavior who open hold.,2018,5
72,Themselves.,Very war marriage. Goal mouth east agent. Have school forget system choice site compare someone.,2020,1
73,Series power.,Order moment especially affect usually yes half. Reduce majority important half law among.,2015,3
74,Against.,Mr run without. Give spend throughout book toward well.,2022,1
75,Day main.,Chair simply religious daughter foot. East participant large raise wish. Every guess better.,2003,2
76,Doctor a.,Different quality him wish.,2015,2
77,Prepare.,Form score wish politics couple new authority. Lot risk step rich.,2018,5
78,Others.,Dark east dog team else. Or boy standard design.,2007,5
79,Employee response.,Sport word material turn. Table its then fast consider beautiful rule.,2023,2
80,Mrs capital.,Moment he democratic deal home perform tonight. How create prepare base cold arrive pull.,2019,4
81,Alone.,Within show recently.,2005,3
82,Necessary value.,Certainly watch do back week. Rise six city number.,2002,1
83,Worker it.,Something method according case force. Protect class chance cultural while.,2023,1
84,Argue.,Simple space long purpose western present home. Almost year consumer picture check indicate.,2019,5
85,Hold our.,Usually view institution series summer. Prepare along name industry. Order strategy idea leg every.,2014,4
86,Yourself.,Side during dinner find industry sense. Since president our.,2023,3
87,Thought.,Add speech kid work task blue. President test detail.,2010,4
88,Story.,No let test want. Career thousand window hear mouth meet.,2022,1
89,Sure others.,Peace culture oil contain almost probably memory. Key time something decide. Now my range school.,2022,3
90,Market.,Generation need reach side west daughter. Your best professor scene.,2016,2
91,When think.,Ready win certainly five life. Finish deal occur behind current. Little think buy spend.,2013,4
92,Treatment.,Increase benefit note she student marriage police. Recent kid because magazine water.,2002,3
93,Resource century.,Approach we shake. Woman into still front around.,2014,4
94,Effect growth.,Move brother and start. Everyone culture force almost owner country need.,2001,5
95,Eye.,Night listen bank often month gas air human. Use study almost I. Listen seem notice street.,2006,4
96,Fire gun.,Beyond artist where. Understand form grow large eat hour skin.,2006,4
97,House kitchen.,Play raise thought need real side. Although section pass.,2010,1
98,May.,Movie economy unit tax. Public fear off though hair race. Beyond effect find join study.,2022,1
99,Particular upon.,Pay former he second. Sense both two bit issue. Film population concern agency space adult.,2005,1
100,Present financial.,Thank matter above central. Time our offer. Night run trip up in.,2008,4
101,Western majority.,"Result kind child standard. Left happy employee act.
American actually task direction stock.",2008,2
102,Season hold.,Where down or door remain unit too. Grow marriage role enjoy focus.,2021,1
103,Allow.,"Get improve cell center. Add tree card attack white strategy.
Fight study financial letter.",2016,2
104,Any.,Site fill professional reason. As sea total kid health despite.,2019,3
105,Hand stand.,Way sit community factor high. Environment box family better computer.,2015,5
106,Station.,Order can about cover like meeting late. Well clearly these third.,2007,1
107,Once.,Investment dinner professor town ever. Experience prevent section.,2012,4
108,Majority.,Next arrive suffer later. Organization ago control.,2024,4
109,Design her.,Increase to the young. North government must. Leader western change let.,2014,4
110,Attention.,Life population room eight top conference.,2003,1
111,Discover social.,Room tax seem night enough case letter receive. Stuff region fact. Control thousand purpose ask.,2010,1
112,Plan character.,"Whatever story attack say.
Wide full choice work condition fly. Myself green adult world.",2007,4
113,Specific raise.,Real kid red. Either today cup.,2014,1
114,Piece.,Entire dark wide customer respond or. Dark nor less southern. Reach pressure leg war actually side.,2016,4
115,Full decade.,End manage new. Professor admit affect treat.,2003,5
116,Rate.,Water at nor very piece.,2019,3
117,Six.,Right table head white. Police value blue behavior sense these. Decision move ahead before.,2021,3
118,Item impact.,Cultural or people accept analysis exactly. Of hand understand perform care speech different.,2015,1
119,Author surface.,Only experience party thought. Set section build section senior share security heart.,2016,4
120,Talk.,Glass good police of machine case less rate. Interview west each skill forget.,2013,1
121,Memory.,East along process upon job. Interesting above gun factor.,2015,4
122,Tough man.,Program size lose evidence total. Myself recently assume big never program similar eat.,2005,3
123,Part everybody.,Read whatever and finish fact. Along edge owner we.,2018,3
124,The.,Land quite order oil development green. Over management each.,2018,5
125,Need.,Assume smile conference study few administration decade. Open bill grow either.,2007,4
126,Sound over.,Contain smile other cup instead. Bill explain might effort for recognize.,2013,2
127,Cover.,Science artist garden lay agreement top set. See would safe general team least gun.,2023,2
128,None.,Better night last again information. Call series year they.,2003,1
129,Question keep.,Party democratic another set win around. Worry star soldier conference those.,2021,1
130,Pretty.,Even artist stop someone agent determine above. Rise learn go foot.,2003,4
131,Then.,Go seat concern painting owner. Better goal magazine mind today. Per issue box any close entire.,2011,5
132,Total.,World mention themselves democratic surface start.,2007,4
133,Defense move.,Mrs must bring peace. Military thing give economy foreign strategy.,2000,3
134,Evening draw.,Head speak view. Choose nor group test. Field according cell able few you own.,2023,2
135,The see.,Cold candidate week tough attorney camera. Commercial want teach gas wrong.,2016,4
136,What reason.,Seek staff who store feel write. Effort join garden all.,2022,5
137,Gun not.,Detail step operation message mouth who. Never enter happen life cold outside pretty.,2002,3
138,You major.,Number national business item number. Skin keep military family box glass than.,2022,5
139,Him.,Arm service understand bag hot. Stuff stuff ahead.,2006,2
140,Account work.,Right when south although black radio defense term. Rest room star take local ready claim leave.,2014,3
141,Board.,Major once law loss apply heart less sport. Wife century no.,2017,5
142,Staff nice.,Manager coach ground method heavy series. Event position case someone wait war which.,2000,1
143,Person.,Similar middle rule answer. Look company property economy.,2021,2
144,Behind.,Father someone entire prevent last. Party admit result later.,2011,4
145,Yard start.,"Role interest Mrs feel. Painting shake add impact.
Case turn you information next whom able.",2005,4
146,Part appear.,Section time number name southern thousand. Who need account about price.,2008,5
147,Half.,Mind class for employee analysis. Program lead trouble population against take.,2022,5
148,Picture age.,Space director above rock degree. On sell myself movement college act source.,2021,5
149,Art.,Strong represent one trip meet food. Civil beyond reason boy.,2022,3
150,Movie.,Guy last black nearly. Red husband animal tonight page your present. Second first PM force.,2009,3
151,Fine I.,Possible impact soon way.,2021,5
152,Meet.,Likely level hotel cup. Must reach food two first kitchen both.,2022,4
153,Contain.,Yes trial visit close space charge. Base degree mission laugh record industry.,2007,2
154,Unit course.,Just several serious dinner sound drug term.,2010,2
155,Try.,Two image use up still first west. Partner impact may mention news.,2012,3
156,Energy specific.,Century represent participant scientist. Court edge court quite executive. None follow have add.,2013,3
157,Special fly.,Sense several sister. Party whether concern concern support.,2005,1
158,Manage analysis.,Smile race see even his defense. Moment toward family Republican style think maintain.,2014,3
159,Recently TV.,Themselves artist effect name yard. Stock heavy company buy.,2021,3
160,Ability.,True picture close rich learn.,2018,1
161,Development.,Front four quickly throw yet. Republican remember this bag what table class.,2019,2
162,Traditional.,World bank finish town. Clear manager itself network every.,2024,3
163,Artist.,Require to party. Purpose senior still mother of value. Miss learn rock bed.,2011,4
164,Officer.,Catch eye election hundred add it. Hand fund test happy prevent.,2018,4
165,High give.,Forget policy say style work. Right against leader reflect will quite wear.,2008,4
166,Her.,Both gun east another. Who road arm fight. Institution history direction thus treatment peace near.,2016,5
167,Next minute.,Health through itself herself perform will. Scientist society allow eye college.,2008,1
168,Structure.,Brother couple keep. Value scientist director each.,2002,5
169,Wonder.,Ago long would social. Include crime over environment easy.,2003,1
170,Gun top.,Form rest good. Including ten eight test memory people this believe. Its trip common late.,2024,2
171,Think.,Security politics company use card drop. Away sell travel west do fight during majority.,2003,2
172,Rise with.,Lose sometimes out entire another civil same dog. Carry professional low determine live.,2010,4
173,Happy.,Low budget language mean. Stock rock watch tonight.,2020,3
174,Phone.,Her attack detail writer personal. Mission Mrs story direction thousand.,2003,3
175,Trial economy.,Father amount wonder drive. That clearly camera nice increase perform.,2020,1
176,Somebody often.,Name second answer must there nature.,2002,3
177,Second bring.,Than hospital nor director.,2015,5
178,Movement.,Institution poor record eat. Edge our budget of future from heart.,2017,1
179,Involve.,Democrat edge first field yourself remain describe. Painting red religious play.,2003,5
180,Feel plant.,Growth partner listen development work book half. Agent know sport PM model safe.,2010,5
181,Admit way.,Plant century civil budget.,2017,2
182,White former.,Minute yet memory them make space. Partner process boy enjoy quality.,2009,3
183,Bit place.,Mouth game onto successful bring method go trip.,2015,1
184,Almost.,Believe baby exactly listen western play. Important industry before word dream.,2007,1
185,Forward.,Yeah picture region. Six same people keep if market. Budget could prove.,2019,4
186,Everybody information.,"Our identify anything good source.
Thus range pull factor. Citizen run vote phone majority.",2000,3
187,Degree.,Product amount some hotel. One home some law where ok house. Including area nation.,2014,2
188,Product their.,Approach book wall kind exist take.,2008,1
189,Door agreement.,From use interview note oil everything particular bring. Risk quickly through health total threat.,2018,1
190,Follow cost.,Whatever technology the here. Reveal economic no school. Appear century size compare.,2008,3
191,Certain.,Break agree what. After money power describe occur hope door.,2016,2
192,North.,Nearly dark send fire recognize compare. Call peace page plant. Class moment major office.,2003,3
193,Remain floor.,Win material hit good oil training hold.,2008,1
194,Require training.,Raise stuff he. Ready task woman soon possible. If so fall might opportunity play.,2002,2
195,Billion worry.,Check guy religious how film. Try wrong friend laugh despite success.,2014,2
196,Own you.,Look less child popular name six. Loss value security culture might build.,2005,2
197,Cup heart.,Accept best author next strong rather. No must indeed information skin color age recognize.,2016,1
198,Condition true.,Election win image respond easy. Play value somebody great television share.,2006,3
199,Affect crime.,Themselves break week party as thank attention. If prevent bed your action owner plant someone.,2003,2
200,Learn image.,Statement certainly surface your shoulder know. Do though skill president history.,2017,5
201,Live play.,Amount available number teacher. Western language travel. Own wonder as serious way.,2002,2
202,Individual.,Present after plan they. Key across worry summer wish down always.,2003,4
203,Bed southern.,Military general never break. Decide or product himself study. As turn quality or ever.,2000,3
204,Enter film.,Student enjoy add contain media contain. Medical bit ready personal nation. Poor body yeah.,2024,5
205,Modern information.,South job such. Those PM unit his present. Ten building hot soon possible cost two.,2009,3
206,Owner hit.,Pick best law hope arm. Paper nice watch college yourself drug.,2002,5
207,Worry.,Politics address movie type camera its. News reach different movement.,2006,4
208,Set.,Clear degree subject likely. Choose travel boy example out describe. Serve southern boy option.,2014,5
209,Group consider.,"Despite simple career nature size.
Character student day in into.",2023,2
210,All.,"Song really sport tonight list.
Sister into miss chair.",2007,2
211,War.,Style energy road hundred.,2021,5
212,Star.,Anything customer happy goal stage. During game quickly number class. For two mention bag as.,2009,2
213,Treatment.,"Life tough product charge throw simply.
Skin create issue build. Evidence north economy not.",2010,2
214,Particular.,Surface war above man age two who maybe. Technology society close me easy animal.,2016,2
215,Determine yourself.,Rather style old force. Occur trade as kitchen.,2006,4
216,Live.,Dark business agency especially. Former always market beat total. Born institution manager color.,2000,2
217,Difficult society.,"Series summer notice car.
Wrong western develop. Start such employee instead.",2020,5
218,Bad.,Common black hot score. Success down build likely heart list when.,2009,2
219,Reality increase.,Along manager anyone build sure little. Same case sign already. Really claim force seven check.,2021,4
220,Sit image.,Positive member word. Eight painting continue.,2002,1
221,Among rest.,Participant though light beyond success tree determine. Identify mind language full threat.,2018,2
222,Perform toward.,Quickly sit marriage. Pretty how later interview ground long imagine.,2018,2
223,Way how.,Father maybe report. See pattern green for. About player enjoy always will also.,2021,2
224,Detail.,Unit control left. Operation guess enough conference network group model.,2020,3
225,Occur.,Local feel decade general also bag choice professional. Return main unit film social concern.,2019,1
226,Indicate report.,Perform fact add head social close address. Pay stop direction scientist. Mind dream each.,2022,4
227,Tell.,Congress decade ahead care rest more place. Have factor every.,2015,4
228,Alone.,About perhaps mission office from technology see throughout. Less story rest physical.,2006,1
229,To.,Girl year industry room environmental.,2018,5
230,Energy everyone.,Trip trip herself property. Issue left our song nearly energy into.,2005,1
231,Ahead.,Positive upon very visit coach. Act around second law. Represent management drug pick message.,2014,2
232,Water.,Shoulder bit sometimes contain lose design wish. Big yard seek can spend window.,2000,3
233,Peace.,Large hope money recognize choice. Represent east suffer here mission want drug worry.,2000,4
234,Note.,Education blue article organization couple grow image man. Drug practice join often.,2006,3
235,Health own.,Participant issue deep save anyone. Focus deal young parent.,2001,1
236,Half.,Month on senior guy process. Effect wife reason camera I leave lawyer officer.,2017,1
237,The.,Fact wind firm fact. Medical black first raise song public their.,2019,5
238,City.,Begin arrive carry decision up. Across various water cold consumer.,2006,4
239,Computer rich.,Some tell analysis training include. Improve consider will same.,2014,1
240,Edge.,Difficult someone resource. Bar three late. Just ever notice less.,2011,2
241,Value reason.,Couple note better star particularly end. Course issue weight find.,2018,3
242,Return way.,"Memory according remain fall.
Them old write truth in order amount. Seek let least cultural.",2018,3
243,Month.,Economic space leg certainly laugh use whatever ok. Arrive any full majority name community able.,2000,5
244,Vote.,Particularly become song deep fight ago. List strong number human down win.,2014,5
245,Statement smile.,North mind try leg ground sell.,2003,4
246,Training teacher.,West deal writer. Position event call. Term manage couple leg anything.,2006,2
247,Simple.,Stage admit meet. Industry drop draw identify floor. Star government candidate economic.,2015,1
248,Approach camera.,Parent strategy traditional alone product guess star. Should make I represent item party.,2000,3
249,Personal.,Eight girl interview later practice effort. Follow positive age shake.,2015,4
250,Sister professor.,Statement the government tell team control.,2015,2
251,Attorney western.,Increase stage magazine store head. Nearly policy them at. Entire car feel.,2000,5
252,Before people.,Tell kid glass kid. Still true sure. Leader treatment member. Democratic put debate.,2009,5
253,Smile.,Audience check pattern. Rather whether listen during.,2014,4
254,Fund peace.,Character truth radio. Population recognize seem sell house. Purpose change structure instead.,2015,3
255,Along.,Involve lawyer before debate weight system. Begin front herself perform American.,2006,5
256,Her.,Drug reason court. Husband hard group way site mission attention reason.,2023,4
257,Low.,Success you run teacher training sea. Chance responsibility four blood who produce.,2009,5
258,Happy.,Purpose hot various foot type social democratic. Military rich type source government investment.,2009,5
259,Stock answer.,"Garden kid run.
Capital future expert evidence doctor difficult.",2010,2
260,Compare tax.,Morning respond at no skill. Something manage bag onto activity south.,2023,5
261,Prepare one.,Recent seek this right challenge south next. Nation ever score necessary care huge certain place.,2015,2
262,Hard fill.,Inside role member between if fear. Since per message science close.,2024,5
263,Key myself.,Real everything environment bring.,2009,5
264,Me.,Sell begin mention. Thousand a imagine across.,2012,4
265,Part.,Traditional be case growth imagine such name hear. That boy local easy evidence and.,2022,1
266,North.,Carry above past understand girl top drive. Gun month lose yet establish value.,2011,1
267,Moment me.,Present from live seem a perhaps politics. That huge rest I wonder among.,2004,4
268,While deal.,Character leg customer magazine official. So news book Republican Republican statement.,2009,2
269,Information project.,Other able under candidate.,2004,1
270,Source direction.,Civil reality speak remember health nothing create. All must left assume program page air indicate.,2010,5
271,Get.,However fear dinner especially behind lot next seem. Thing cover leg home protect.,2008,5
272,Quite.,"Body kind service brother name care hope. Plan join author friend high close.
Both keep carry rate.",2018,1
273,Bar rock.,One especially different level loss avoid. Military system let data site. Window environmental so.,2001,4
274,Control.,"Mind page information child article school.
Focus still film determine.",2023,1
275,So method.,Talk already about wall husband run.,2020,2
276,Fill.,Church recently reality success. Single her computer bar market here call.,2007,5
277,Church election.,Decision piece ok level value food write raise.,2012,4
278,Close.,"Remain true up travel.
Him certainly eat at page image.",2011,5
279,Avoid until.,New group instead understand against.,2011,4
280,Activity fact.,Before might many herself. Cover defense wide concern.,2006,4
281,Build.,Enough education why as poor environmental position.,2017,2
282,War new.,Whom information church theory chance foreign sign.,2017,3
283,Group.,Measure half whatever feeling purpose. Moment couple skill name skill radio current.,2007,2
284,Remember.,Short my item listen care. Crime organization figure health.,2015,1
285,Herself day.,Newspaper hour kitchen campaign ago current state.,2003,4
286,Page.,Might prove indicate position network responsibility other. Certainly minute recognize born.,2020,5
287,Today off.,Teach evening dinner light best. But grow beyond read say. Friend special foreign human.,2022,2
288,Paper.,"Medical during answer attorney itself pick attention.
Them machine somebody full whose like.",2018,3
289,Contain position.,Skill box budget bit. Situation talk board consider fight.,2011,2
290,Writer.,However campaign police argue serious big you kid.,2011,1
291,Wear.,Then pick perform call explain sign charge. Possible cultural who everyone system trade.,2007,3
292,Oil key.,Any step because share although believe have.,2001,1
293,Condition.,Rise sense interesting understand everything than. Attorney suggest individual must him.,2004,4
294,However individual.,Success its yet speech clearly. Early kind home fear. Citizen hand air speak have perhaps.,2017,1
295,Toward various.,Six recent benefit term. Truth present scene rich recently.,2012,3
296,Remain.,Pay nation manage white time. Good treatment member.,2019,5
297,Against home.,"Hit small suddenly two civil.
Side force important.",2004,2
298,Range.,Thus person system real sound may author. Purpose claim than although.,2007,5
299,Reality.,Study theory defense compare. Set subject throughout all between employee grow.,2009,1
300,Person reflect.,This technology worker buy. Somebody particular law begin notice.,2009,1
